0001, 0001-transform-attribute-meta-parameter.md
0003, 0003-block-params.md
0003, 0003-cli-ember-doctor.md
0010, 0010-engines.md
0011, 0011-improved-cp-syntax.md
0012, 0012-help-json-output.md
0015, 0015-the-road-to-ember-2-0.md
0020, 0020-sri-default.md
0023, 0023-command-line-completion.md
0024, 0024-bound-attributes.md
0028, 0028-app-import-output-file.md
0029, 0029-addon-black-and-whitelist-for-apps.md
0045, 0045-internet-explorer.md
0046, 0046-cli-improved-release-process.md
0046, 0046-registry-reform.md
0050, 0050-cli-production-code-stripping.md
0050, 0050-improved-actions.md
0053, 0053-helpers.md
0055, 0055-anonymous-amd.md
0056, 0056-improved-release-cycle.md
0057, 0057-ember-data-reference-unification.md
0058, 0058-helper-listing.md
0061, 0061-ember-data-background-fetch.md
0064, 0064-contextual-component-lookup.md
0065, 0065-deprecation-warning-handlers.md
0080, 0080-serve-file-api.md
0086, 0086-firefox-in-ci.md
0090, 0090-addon-tree-caching.md
0091, 0091-cli-addon-instrumentation-experimental-hooks.md
0091, 0091-weakmap.md
0092, 0092-blueprint-remove-old-files.md
0095, 0095-cli-standardise-targets.md
0095, 0095-router-service.md
0096, 0096-enable-yarn-usage.md
0101, 0101-ember-data-friendly-errors.md
0105, 0105-addons-optionalDependencies.md
0108, 0108-add-custom-transform.md
0110, 0110-packaging.md
0114, 0114-add-template-lint-addon.md
0116, 0116-qunit-dom.md
0120, 0120-cli-guides.md
0120, 0120-route-serializers.md
0121, 0121-remove-ember-cli-eslint.md
0136, 0136-contains-to-includes.md
0139, 0139-isHtmlSafe.md
0143, 0143-module-unification.md
0150, 0150-factory-for.md
0176, 0176-javascript-module-api.md
0178, 0178-deprecate-ember-k.md
0181, 0181-deprecate-ember-data-initializers.md
0186, 0186-track-unique-history-location-state.md
0191, 0191-deprecate-component-lifecycle-hook-args.md
0194, 0194-deprecate-custom-event-manager.md
0213, 0213-custom-components.md
0225, 0225-ember-engines-mount-params.md
0226, 0226-named-blocks.md
0229, 0229-deprecate-testing-restricted-resolver.md
0232, 0232-simplify-qunit-testing-api.md
0236, 0236-deprecation-ember-string.md
0237, 0237-deprecation-ember-map.md
0240, 0240-es-classes.md
0252, 0252-browser-support-changes.md
0268, 0268-acceptance-testing-refactor.md
0272, 0272-deprecation-native-function-prototype-extensions.md
0276, 0276-named-args.md
0278, 0278-template-only-components.md
0280, 0280-remove-application-wrapper.md
0281, 0281-es5-getters.md
0286, 0286-block-let-template-helper.md
0287, 0287-promote-in-element-to-public-api.md
0293, 0293-record-data.md
0294, 0294-optional-jquery.md
0297, 0297-deprecate-ember-logger.md
0300, 0300-rfc-process-update.md
0308, 0308-deprecate-property-lookup-fallback.md
0311, 0311-angle-bracket-invocation.md
0318, 0318-array-helper.md
0322, 0322-deprecate-copy-copyable.md
0324, 0324-deprecate-component-isvisible.md
0326, 0326-ember-data-filter-deprecation.md
0329, 0329-deprecated-ember-evented-in-ember-data.md
0331, 0331-deprecate-globals-resolver.md
0332, 0332-ember-data-record-links-and-meta.md
0335, 0335-deprecate-send-action.md
0337, 0337-native-class-constructor-update.md
0340, 0340-deprecate-ember-merge.md
0345, 0345-discord.md
0364, 0364-roadmap-2018.md
0369, 0369-deprecate-computed-clobberability.md
0370, 0370-deprecate-computed-volatile.md
0372, 0372-ember-data-model-factory-for.md
0373, 0373-Element-Modifier-Managers.md
0375, 0375-deprecate-computed-property-modifier.md
0386, 0386-remove-jquery.md
0389, 0389-dynamic-tag-names.md
0391, 0391-router-helpers.md
0392, 0392-deprecate-component-manager-string-lookup.md
0395, 0395-ember-data-packages.md
0398, 0398-RouteInfo-Metadata.md
0403, 0403-ember-data-identifiers.md
0408, 0408-decorators.md
0410, 0410-tracked-properties.md
0415, 0415-render-element-modifiers.md
0416, 0416-glimmer-components.md
0418, 0418-deprecate-route-render-methods.md
0421, 0421-deprecate-application-controller-props.md
0425, 0425-website-redesign.md
0431, 0431-guides-restructure.md
0432, 0432-contextual-helpers.md
0435, 0435-modifier-splattributes.md
0440, 0440-decorator-support.md
0445, 0445-deprecate-with.md
0446, 0446-contribution-guides.md
0449, 0449-deprecate-partials.md
0451, 0451-injection-parameter-normalization.md
0452, 0452-ember-data-medium-term-plan.md
0457, 0457-nested-lookups.md
0459, 0459-angle-bracket-built-in-components.md
0460, 0460-yieldable-named-blocks.md
0461, 0461-ember-data-singleton-record-data.md
0463, 0463-record-data-state.md
0465, 0465-record-data-errors.md
0466, 0466-request-state-service.md
0468, 0468-classic-decorator.md
0470, 0470-fn-helper.md
0471, 0471-on-modifier.md
0477, 0477-blueprints-update.md
0478, 0478-tracked-properties-updates.md
0481, 0481-component-templates-co-location.md
0486, 0486-deprecate-mouseenter.md
0487, 0487-custom-model-classes.md
0491, 0491-deprecate-disconnect-outlet.md
0494, 0494-async-observers.md
0496, 0496-handlebars-strict-mode.md
0507, 0507-embroider-v2-package-format.md
0519, 0519-2019-2020-roadmap.md
0521, 0521-find-by-identifier.md
0522, 0522-default-serializers-and-adapters.md
0523, 0523-model-argument-for-route-templates.md
0554, 0554-deprecate-getwithdefault.md
0558, 0558-edition-detection.md
0580, 0580-destroyables.md
0581, 0581-new-test-waiters.md
0585, 0585-improved-ember-registry-apis.md
0615, 0615-autotracking-memoization.md
0617, 0617-rfc-stages.md
0625, 0625-helper-managers.md
0626, 0626-invoke-helper.md
0628, 0628-prettier.md
0631, 0631-refresh-method-for-router-service.md
0635, 0635-ember-new-lang.md
0637, 0637-customizable-test-setups.md
0638, 0638-interactive-app-creation.md
0639, 0639-replace-blacklist-whitelist.md
0645, 0645-add-ember-page-title-addon.md
0649, 0649-deprecation-staging.md
0659, 0659-unique-id-helper.md
0671, 0671-modernize-built-in-components-1.md